client,round,global_local_cosine_sim
0,0,0.713959
0,10,0.786731
0,20,0.827143
0,30,0.978306
