species,rank1,mAP,valid_queries
hyena,0.7407407164573669,0.7167610398860399,27
leopard,0.42105263471603394,0.452335137450269,19
