client,round,global_local_cosine_sim
3,0,0.699147
3,10,0.661495
3,20,0.864962
3,30,0.865042
