client,round,global_local_cosine_sim
4,0,0.956993
4,10,0.964938
4,20,0.944281
4,30,0.979972
