client,round,global_local_cosine_sim
2,0,0.929297
2,10,0.996158
2,20,0.840175
2,30,0.950883
