species,rank1,mAP,valid_queries
hyena,0.75,0.7229166666666667,4
leopard,0.6181818246841431,0.5926371981545255,55
