client,round,global_local_cosine_sim
0,0,0.757528
0,10,0.930069
0,20,0.954392
0,30,0.980724
0,40,0.964462
