client,round,global_local_cosine_sim
1,0,0.991623
1,10,0.995379
1,20,0.998077
1,30,0.996297
1,40,0.998464
