client,round,global_local_cosine_sim
1,0,0.565835
1,10,0.479518
1,20,0.557155
1,30,0.574173
