client_id,species,rank1,mAP,valid_queries
0,leopard,1.0,0.9299013570041156,20
0,hyena,0.0,0.15151129098529495,18
