epoch,train_loss,train_accuracy
1,2.9468176099989147,0.19444444444444442
2,2.6908217006259494,0.548611111111111
3,2.3759016460842557,0.579861111111111
4,2.088784827126397,0.6180555555555555
5,1.8444791105058458,0.6527777777777778
6,1.601311551200019,0.7083333333333333
7,1.4500809907913208,0.71875
8,1.2861573033862643,0.8055555555555555
9,1.130645963880751,0.8159722222222222
10,1.0192194978396099,0.7916666666666666
