epoch,train_loss,train_accuracy
1,1.7864797115325928,0.25
2,1.7550777196884155,0.55
3,1.6963971853256226,0.8500000000000001
4,1.644976019859314,0.9500000000000001
5,1.5478039979934692,0.9500000000000001
6,1.49037766456604,0.9500000000000001
7,1.4442007541656494,0.9500000000000001
8,1.3230098485946655,0.9500000000000001
9,1.27469801902771,0.9
10,1.1008883714675903,0.9500000000000001
